season,paired,year_round,first_week,D_at_first_week,onset_week,fired_first_week,cross_week,level_week,peak_week,peak_wili,div_lead,level_lead,cross_lead
1997-98,True,False,199740,,199751,False,,199747,199805,5.98,7,11,
1998-99,True,False,199840,0.263,199840,True,199840,199851,199906,7.57,18,7,18
1999-00,True,False,199940,0.139,199941,False,199941,199948,199952,7.04,11,4,11
2000-01,True,False,200040,0.174,200041,False,200041,200050,200103,4.39,14,5,14
2001-02,True,False,200140,0.235,200140,True,200140,200203,200207,3.77,19,4,19
2002-03,True,False,200240,0.204,200240,True,200240,200252,200306,3.23,18,6,18
2003-04,True,True,200340,0.139,200341,False,200341,200345,200352,7.63,11,7,11
2004-05,True,True,200440,0.141,200442,False,200442,200451,200507,5.44,17,8,17
2005-06,True,True,200540,0.151,200541,False,200541,200550,200552,3.28,11,2,11
2006-07,True,True,200640,0.152,200641,False,200641,200650,200707,3.58,18,9,18
2007-08,True,True,200740,0.192,200741,False,200741,200752,200807,5.98,18,7,18
2008-09,True,True,200840,0.196,200841,False,200841,200853,200906,3.57,18,6,18
2009-10,False,True,200940,1.905,200940,True,,,200942,7.72,2,,
2010-11,True,True,201040,0.146,201044,False,201044,201050,201105,4.55,13,7,13
2011-12,True,True,201140,0.252,201140,True,201152,201208,201211,2.39,23,3,11
2012-13,True,True,201240,0.168,201246,False,201246,201249,201252,6.06,6,3,6
2013-14,True,True,201340,0.227,201340,True,,201350,201352,4.59,12,2,
2014-15,True,True,201440,0.233,201440,True,,201448,201452,5.98,12,4,
2015-16,True,True,201540,0.193,201541,False,201541,201552,201610,3.56,21,10,21
2016-17,True,True,201640,0.232,201640,True,,201651,201706,5.06,18,7,
2017-18,True,True,201740,0.22,201740,True,,201749,201805,7.52,17,8,
2018-19,True,True,201840,0.324,201840,True,,201850,201907,5.04,19,9,
2019-20,True,True,201940,0.329,201940,True,,201947,201952,7.06,12,5,
2020-21,False,True,202040,-0.029,202047,False,202047,,202048,1.61,1,,1
2021-22,True,True,202140,-0.057,202147,False,202147,202150,202152,4.9,5,2,5
2022-23,True,True,202240,0.399,202240,True,,202243,202247,7.43,7,4,
2023-24,True,True,202340,0.403,202340,True,,202346,202352,6.8,12,6,
2024-25,True,True,202440,0.188,202445,False,202445,202448,202506,7.84,13,10,13
2025-26,True,True,202540,0.248,202540,True,202547,202548,202552,8.3,12,4,5
